# -*- encoding: utf-8 -*-
#
# map codespeak usernames to mercurial usernames
#
# If you want your email address to be in the "official" PyPy repo, please add
# it below.

arigo=Armin Rigo <arigo@tunes.org>
fijal=Maciej Fijalkowski <fijall@gmail.com>
cfbolz=Carl Friedrich Bolz <cfbolz@gmx.de>
pedronis=Samuele Pedroni <pedronis@lucediurna.net>
antocuni=Antonio Cuni <anto.cuni@gmail.com>
hpk=Holger Krekel <holger.krekel@gmail.com>
mwh=Michael Hudson <micahel@gmail.com>
afa=Amaury Forgeot d'Arc <amauryfa@gmail.com>
tismer=Christian Tismer <tismer@stackless.com>
benjamin=Benjamin Peterson <benjamin@python.org>
ericvrp=Eric van Riet Paap <ericvrp@gmail.com>
ac=Anders Chrigstrom <anders@chrigstrom.se>
xoraxax=Alexander Schremmer <alex-bitbucket@alexanderweb.de>
rxe=Richard Emslie <richardemslie@gmail.com>
ale=Anders Lehmann <serendipity-soft@get2net.dk>
auc=Aurelien Campeas <aurelien.campeas@logilab.fr>
getxsick=Bartosz Skowron <getxsick@gmail.com>
nik=Niklaus Haldimann <nhaldimann@gmx.ch>
cami=Camillo Bruni <camillobruni@students.unibe.ch>
lac=Laura Creighton <lac@openend.se>
david=David Schneider <david.schneider@picle.org>
sanxiyn=Seo Sanghyeon <sanxiyn@gmail.com>
santagada=Leonardo Santagada <santagada@gmail.com>
tverwaes=Toon Verwaest <verwaest@iam.unibe.ch>
adim=Adrien Di Mascio <adim@logilab.fr>
rhymes=Lawrence Oluyede <l.oluyede@gmail.com>
jacob=Jacob Hallen <jacob@openend.se>
guido=Guido Wesdorp <guido@infrae.com>
ludal=Ludovic Aubry <ludovic.aubry@logilab.fr>
jlg=Jakub Gustak <jlg@usrsrc.net>
bea=Beatrice During <bea@changemaker.nu>
hakanardo=Hakan Ardo <hakan@debian.org>
niko=Niko Matsakis <niko@alum.mit.edu>
alex=Alex Martelli <aleaxit@yahoo.com>
jcreigh=Jason Creighton <jcreigh@gmail.com>
iko=Anders Hammarquist <iko@iko.pp.se>
agaynor=Alex Gaynor <alex.gaynor@gmail.com>
stephan=Stephan Diehl <stephan.diehl@gmx.net>
jandem=Jan de Mooij <jandemooij@gmail.com>
pmaupin=Patrick Maupin <pmaupin@speakeasy.net>
sschwarzer=Stefan Schwarzer <sschwarzer@sschwarzer.de>
tomek=Tomek Meka <tmeka@gmx.net>
exarkun=Jean-Paul Calderone <exarkun@twistedmatrix.com>
bgola=Bruno Gola <brunogola@gmail.com>
dan=Daniel Roberts <Ademan555@gmail.com>
bob=Bob Ippolito <bob@redivi.com>
afayolle=Alexandre Fayolle <alexandre.fayolle@logilab.fr>
simonb=Simon Burton <simon@arrowtheory.com>
alastair=Alastair Burt <burt@dfki.de>
mgedmin=Marius Gedminas <marius@gedmin.as>
witulski=John Witulski <john.witulski@uni-duesseldorf.de>
nico=Nicolas Chauvat <nico@logilab.fr>
dialtone=Valentino Volonghi <dialtone@divmod.com>
magcius=Jean-Philippe St. Pierre <jstpierre@mecheye.net>
trundle=Andreas Stührk <andy-python@hammerhartes.de>
gvanrossum=Guido van Rossum <guido@python.org>
vinogradov=Pavel Vinogradov <fastnix@gmail.com>
jum=Jens-Uwe Mager <jum@anubis.han.de>
wlav=Wim Lavrijsen <wlavrijsen@lbl.gov>
akuhn=Adrian Kuhn <akuhn@iam.unibe.ch>
pdg=Paul deGrandis <paul.degrandis@gmail.com>
gbrandl=Georg Brandl <georg@python.org>
gromit=Gerald Klix <gerald.klix@klix.ch>
wanja=Wanja Saatkamp <wanja@merlinux.de>
boria=Boris Feigin <boria>
davide=Davide Ancona <davide@disi.unige.it>
oscar=Oscar Nierstrasz <oscar@iam.unibe.ch>
goden=Eugene Oden <eugeneoden@gmail.com>
leuschel=Michael Leuschel <leuschel@cs.uni-duesseldorf.de>
docgok=Henry Mason <thefridgeowl@gmail.com>
guenter=Guenter Jantzen <Guenter.Jantzen@t-mobile.de>
bert=Bert Freudenberg <bert@impara.de>
lukas=Lukas Renggli <renggli@gmail.com>
lene=Lene Wagner <lene@merlinux.eu>
regmee=Amit Regmi <regmi.amit@gmail.com>
adurdin=Andrew Durdin <me@andy.durdin.net>
benyoung=Ben Young <ben@transversal.com>
bigdog=Michael Schneider <michaelschneider@current.net>
briandorsey=Brian Dorsey <briandorsey@gmail.com>
njriley=Nicholas Riley <njriley@uiuc.edu>
igorto=Igor Trindade Oliveira <igor_trindade@yahoo.com.br>
micktwomey=Michael Twomey <micktwomey@gmail.com>
rocco=Rocco Moretti <roccomoretti@hotpop.com>
wildchild=Gabriel Lavoie <glavoie@mutehq.net>
lucian=Lucian Branescu Mihaila <lucian.branescu@gmail.com>
dinu=Dinu Gherman <gherman@darwin.in-berlin.de>
jared.grubb=Jared Grubb <jared.grubb@gmail.com>
karlb=Karl Bartel <karlb@gmx.net>
odie=Olivier Dormond <olivier.dormond@gmail.com>
haypo=Victor Stinner <victor.stinner@haypocalc.com>
antoine=Antoine Pitrou <solipsis@pitrou.net>
atobe=Toby Watson <toby@thetobe.com>
micke=Mikael Schönenberg <schonenberg@gmail.com>
nshepperd=Neil Shepperd <nshepperd@gmail.com>
stuart=Stuart Williams <stuartw@mts.net>
hruske=Gasper Zejn <zejn@kiberpipa.org>
justas=Justas Sadzevicius <justas@pov.lt>
syt=Sylvain Thenault <syt@logilab.fr>
alecu=Alejandro J. Cura <alecu@vortech.com.ar>
electronicru=Alexander Sedov <Elec.Lomy.RU@gmail.com>
elmom=Elmo Mäntynen <elmo13@jippii.fi>
jriehl=Jonathan David Riehl <jriehl@cs.uchicago.edu>
quest=Anders Qvist <quest@lysator.liu.se>
amcintyre=Alan McIntyre <alan.mcintyre@esrgtech.com>
tobami=Miquel Torres <tobami@googlemail.com>
alix=Alix Einfeldt <alix@trillke.net>
pzieschang=Pieter Zieschang <p_zieschang@yahoo.de>
aft=Andrew Thompson <andrew.thompson@newhert.com>
blais=Martin Blais <blais@furius.ca>
busemann=Stephan Busemann <busemann@dfki.de>
esmljaos=Jacob Oscarson <jacob@aspektratio.net>
henrikv=Henrik Vendelbo <hvendelbo@googlemail.com>
iammisc=Travis Francis Athougies <iammisc@gmail.com>
laszlo=Artur Lisiecki <lisiecki.artur@gmail.com>
lucio=Lucio Torre <lucio.torre@gmail.com>
lutz_p=Lutz Paelike <lutz_p@gmx.net>
tav=tav <tav@espians.com>
asigfrid=Anders Sigfridsson <anders.sigfridsson@ul.ie>
gotcha=Godefroid Chappelle <gotcha@bubblenet.be>
jacek=Jacek Generowicz <jacek.generowicz@cern.ch>
jbaker=Jim Baker <jbaker@zyasoft.com>
jgilbert=Joshua Gilbert <joshua.c.gilbert@dartmouth.edu>
misto=Fabrizio Milo <fabrizio.milo@gmail.com>
niemeyer=Gustavo Niemeyer <gustavo@niemeyer.net>
radix=Christopher Armstrong <radix@twistedmatrix.com>
verte=William Leslie <william.leslie.ttg@gmail.com>
yusei=Yusei Tahara <yusei@domen.cx>
anthon=Anthon van der Neut <anthon@mnt.org>
jan=Jan Balster <jan@balster.info>
lamby=Chris Lamb <chris@chris-lamb.co.uk>
mcherm=Michael Chermside <mcherm@mcherm.com>
zooko=Zooko Wilcox-O Hearn <zooko@zooko.com>
danchr=Dan Villiom Podlaski Christiansen <danchr@gmail.com>
anna=Anna Martelli Ravencroft <anna@aleax.it>
dcolish=Dan Colish <dcolish@gmail.com>
dstromberg=Dan Stromberg <strombrg@gmail.com>
gintas=Gintautas Miliauskas <gintas@pov.lt>
ignas=Ignas Mikalajunas <ignas@pov.lt>
